{
  "weights": {
    "hot": 0.6399999999999997,
    "stability": 1.9000000000000008,
    "cold": 1.0,
    "random": 1.0000000000000002
  },
  "history_file": "data/539_history.csv",
  "partition_ranges": [
    [
      1,
      10
    ],
    [
      11,
      20
    ],
    [
      21,
      30
    ],
    [
      31,
      39
    ]
  ]
}